{
  "chart_type": "bar",
  "img_w": 800,
  "img_h": 800,
  "style": "bmh",
  "font_family": "monospace",
  "n_series": 1,
  "series": [
    {
      "label": "series 1",
      "color": "#1f77b4",
      "marker": null,
      "x": [
        0,
        1,
        2,
        3,
        4
      ],
      "y": [
        4.1490031653636175,
        3.0748712193091534,
        7.034011684955062,
        2.035714439111027,
        9.066784363342125
      ]
    }
  ],
  "distractor": "axhline",
  "x_range": [
    -0.6400000000000001,
    4.640000000000001
  ],
  "y_range": [
    0.0,
    9.52012358150923
  ],
  "x_ticks": [
    -1.0,
    0.0,
    1.0,
    2.0,
    3.0,
    4.0,
    5.0
  ],
  "y_ticks": [
    0.0,
    2.0,
    4.0,
    6.0,
    8.0,
    10.0
  ],
  "has_legend": true,
  "distortion": {
    "rotation_deg": 0.0,
    "corner_shift_px": [
      [
        0,
        0
      ],
      [
        0,
        0
      ],
      [
        0,
        0
      ],
      [
        0,
        0
      ]
    ]
  },
  "bboxes_xyxy": {
    "plot": [
      100.0,
      96.0,
      720.0,
      712.0
    ],
    "x_axis": [
      170.96401977539062,
      716.861083984375,
      649.0360107421875,
      754.4166870117188
    ],
    "y_axis": [
      63.20833206176758,
      188.8596649169922,
      95.13888549804688,
      720.5
    ],
    "legend": [
      608.75,
      682.75,
      713.75,
      705.75
    ]
  }
}