{
  "chart_type": "bar",
  "img_w": 1024,
  "img_h": 600,
  "style": "ggplot",
  "font_family": "monospace",
  "n_series": 1,
  "series": [
    {
      "label": "series 1",
      "color": "#9467bd",
      "marker": null,
      "x": [
        0,
        1,
        2,
        3,
        4
      ],
      "y": [
        3.7948911248180073,
        7.4636673208486926,
        8.028690235913647,
        5.848298524716336,
        3.8049887604143846
      ]
    }
  ],
  "distractor": "none",
  "x_range": [
    -0.6400000000000001,
    4.640000000000001
  ],
  "y_range": [
    0.0,
    8.430124747709328
  ],
  "x_ticks": [
    -1.0,
    0.0,
    1.0,
    2.0,
    3.0,
    4.0,
    5.0
  ],
  "y_ticks": [
    0.0,
    1.0,
    2.0,
    3.0,
    4.0,
    5.0,
    6.0,
    7.0,
    8.0,
    9.0
  ],
  "has_legend": true,
  "distortion": {
    "rotation_deg": 0.0,
    "corner_shift_px": [
      [
        0,
        0
      ],
      [
        0,
        0
      ],
      [
        0,
        0
      ],
      [
        0,
        0
      ]
    ]
  },
  "bboxes_xyxy": {
    "plot": [
      128.0,
      72.0,
      921.5999755859375,
      534.0
    ],
    "x_axis": [
      220.19393920898438,
      543.7222290039062,
      829.4060668945312,
      577.2777709960938
    ],
    "y_axis": [
      89.72222137451172,
      90.57232666015625,
      118.27777862548828,
      542.0
    ],
    "legend": [
      810.3499755859375,
      504.75,
      915.3499755859375,
      527.75
    ]
  }
}