{
  "chart_type": "bar",
  "img_w": 720,
  "img_h": 720,
  "style": "default",
  "font_family": "DejaVu Sans",
  "n_series": 1,
  "series": [
    {
      "label": "series 1",
      "color": "#8c564b",
      "marker": null,
      "x": [
        0,
        1,
        2,
        3,
        4,
        5,
        6
      ],
      "y": [
        2.934477672055916,
        4.472416338302786,
        4.853480491842475,
        6.502087976490825,
        7.627472834619579,
        1.137606909370404,
        3.2863682241337533
      ]
    }
  ],
  "distractor": "axhline",
  "x_range": [
    -0.74,
    6.739999999999999
  ],
  "y_range": [
    0.0,
    8.008846476350557
  ],
  "x_ticks": [
    -1.0,
    0.0,
    1.0,
    2.0,
    3.0,
    4.0,
    5.0,
    6.0,
    7.0
  ],
  "y_ticks": [
    0.0,
    1.0,
    2.0,
    3.0,
    4.0,
    5.0,
    6.0,
    7.0,
    8.0,
    9.0
  ],
  "has_legend": true,
  "distortion": {
    "rotation_deg": 0.0,
    "corner_shift_px": [
      [
        0,
        0
      ],
      [
        0,
        0
      ],
      [
        0,
        0
      ],
      [
        0,
        0
      ]
    ]
  },
  "bboxes_xyxy": {
    "plot": [
      90.0,
      86.4000015258789,
      648.0,
      640.7999877929688
    ],
    "x_axis": [
      140.5157012939453,
      650.522216796875,
      597.4843139648438,
      686.0777587890625
    ],
    "y_axis": [
      50.22222137451172,
      81.01238250732422,
      80.27777862548828,
      649.7999877929688
    ],
    "legend": [
      96.25,
      611.5499877929688,
      190.25,
      634.5499877929688
    ]
  }
}