{
  "chart_type": "bar",
  "img_w": 600,
  "img_h": 800,
  "style": "bmh",
  "font_family": "serif",
  "n_series": 1,
  "series": [
    {
      "label": "series 1",
      "color": "#ff1493",
      "marker": null,
      "x": [
        0,
        1,
        2,
        3
      ],
      "y": [
        6.593581345426115,
        1.1948950286443947,
        8.871691401509839,
        8.68644578374248
      ]
    }
  ],
  "distractor": "none",
  "x_range": [
    -0.5900000000000001,
    3.5900000000000003
  ],
  "y_range": [
    0.0,
    9.315275971585331
  ],
  "x_ticks": [
    -1.0,
    -0.5,
    0.0,
    0.5,
    1.0,
    1.5,
    2.0,
    2.5,
    3.0,
    3.5,
    4.0
  ],
  "y_ticks": [
    0.0,
    2.0,
    4.0,
    6.0,
    8.0,
    10.0
  ],
  "has_legend": true,
  "distortion": {
    "rotation_deg": 0.0,
    "corner_shift_px": [
      [
        0,
        0
      ],
      [
        0,
        0
      ],
      [
        0,
        0
      ],
      [
        0,
        0
      ]
    ]
  },
  "bboxes_xyxy": {
    "plot": [
      75.0,
      96.0,
      540.0,
      712.0
    ],
    "x_axis": [
      67.261962890625,
      716.861083984375,
      541.613037109375,
      754.4166870117188
    ],
    "y_axis": [
      37.20833206176758,
      177.4764862060547,
      70.13888549804688,
      720.5
    ],
    "legend": [
      81.25,
      682.75,
      175.75,
      705.75
    ]
  }
}