{
  "chart_type": "bar",
  "img_w": 800,
  "img_h": 800,
  "style": "ggplot",
  "font_family": "monospace",
  "n_series": 1,
  "series": [
    {
      "label": "series 1",
      "color": "#2ca02c",
      "marker": null,
      "x": [
        0,
        1,
        2,
        3,
        4
      ],
      "y": [
        8.829068605265945,
        4.519763258852746,
        4.940936858105189,
        4.3547401278041775,
        1.9625823682549692
      ]
    }
  ],
  "distractor": "fill_between",
  "x_range": [
    -0.9040000000000001,
    4.904000000000001
  ],
  "y_range": [
    0.0,
    9.270522035529243
  ],
  "x_ticks": [
    -1.0,
    0.0,
    1.0,
    2.0,
    3.0,
    4.0,
    5.0
  ],
  "y_ticks": [
    0.0,
    2.0,
    4.0,
    6.0,
    8.0,
    10.0
  ],
  "has_legend": false,
  "distortion": {
    "rotation_deg": 0.0,
    "corner_shift_px": [
      [
        0,
        0
      ],
      [
        0,
        0
      ],
      [
        0,
        0
      ],
      [
        0,
        0
      ]
    ]
  },
  "bboxes_xyxy": {
    "plot": [
      100.0,
      96.0,
      720.0,
      712.0
    ],
    "x_axis": [
      191.56387329101562,
      721.7222290039062,
      628.4360961914062,
      761.2777709960938
    ],
    "y_axis": [
      55.84722137451172,
      174.422607421875,
      90.27777862548828,
      721.0
    ]
  }
}